{
  "service": {
    "name": "spark-components-webui",
    "family": "core",
    "team": "Core UI"
  },
  "artifacts": {
    "staticAssets": {
      "assets": {
        "cachedAssets": {
          "src": "static-asset-bundle/cached_assets.zip",
          "srcType": "zip",
          "promote": {
            "dev": {
              "stackName": "web-ui-hosting",
              "actions": [
                {
                  "type": "S3-copy",
                  "logicalBucketName": "AssetsBucket",
                  "prefix": "spark-components/build-assets/3.81.6-156/",
                  "metadata": {
                    "system": {
                      "cacheControl": "max-age=31556926"
                    }
                  }
                }
              ]
            },
            "test": {
              "stackName": "web-ui-hosting",
              "actions": [
                {
                  "type": "S3-copy",
                  "logicalBucketName": "AssetsBucket",
                  "prefix": "spark-components/build-assets/3.81.6-156/",
                  "metadata": {
                    "system": {
                      "cacheControl": "max-age=31556926"
                    }
                  }
                }
              ]
            },
            "prod": {
              "stackName": "web-ui-hosting",
              "actions": [
                {
                  "type": "S3-copy",
                  "logicalBucketName": "AssetsBucket",
                  "prefix": "spark-components/build-assets/3.81.6-156/",
                  "metadata": {
                    "system": {
                      "cacheControl": "max-age=31556926"
                    }
                  }
                }
              ]
            },
            "fedramp-use2-core": {
              "stackName": "web-ui-hosting",
              "actions": [
                {
                  "type": "S3-copy",
                  "logicalBucketName": "AssetsBucket",
                  "prefix": "spark-components/build-assets/3.81.6-156/",
                  "metadata": {
                    "system": {
                      "cacheControl": "max-age=31556926"
                    }
                  }
                }
              ]
            }
          }
        },
        "timeMachineAssets": {
          "src": "static-asset-bundle/index_assets.zip",
          "srcType": "zip",
          "promote": {
            "dev": {
              "stackName": "web-ui-hosting",
              "actions": [
                {
                  "type": "S3-copy",
                  "logicalBucketName": "AssetsBucket",
                  "prefix": "spark-components/3.81.6/",
                  "metadata": {
                    "system": {
                      "cacheControl": "max-age=0, no-cache"
                    }
                  }
                }
              ]
            },
            "test": {
              "stackName": "web-ui-hosting",
              "actions": [
                {
                  "type": "S3-copy",
                  "logicalBucketName": "AssetsBucket",
                  "prefix": "spark-components/3.81.6/",
                  "metadata": {
                    "system": {
                      "cacheControl": "max-age=0, no-cache"
                    }
                  }
                }
              ]
            },
            "prod": {
              "stackName": "web-ui-hosting",
              "actions": [
                {
                  "type": "S3-copy",
                  "logicalBucketName": "AssetsBucket",
                  "prefix": "spark-components/3.81.6/",
                  "metadata": {
                    "system": {
                      "cacheControl": "max-age=0, no-cache"
                    }
                  }
                }
              ]
            },
            "fedramp-use2-core": {
              "stackName": "web-ui-hosting",
              "actions": [
                {
                  "type": "S3-copy",
                  "logicalBucketName": "AssetsBucket",
                  "prefix": "spark-components/3.81.6/",
                  "metadata": {
                    "system": {
                      "cacheControl": "max-age=0, no-cache"
                    }
                  }
                }
              ]
            }
          }
        },
        "indexFiles": {
          "src": "static-asset-bundle/index_assets.zip",
          "srcType": "zip",
          "release": {
            "dev": {
              "stackName": "web-ui-hosting",
              "actions": [
                {
                  "type": "S3-copy",
                  "logicalBucketName": "AssetsBucket",
                  "prefix": "spark-components/",
                  "metadata": {
                    "system": {
                      "cacheControl": "max-age=0, no-cache"
                    }
                  }
                }
              ]
            },
            "test": {
              "stackName": "web-ui-hosting",
              "actions": [
                {
                  "type": "S3-copy",
                  "logicalBucketName": "AssetsBucket",
                  "prefix": "spark-components/",
                  "metadata": {
                    "system": {
                      "cacheControl": "max-age=0, no-cache"
                    }
                  }
                }
              ]
            },
            "prod": {
              "stackName": "web-ui-hosting",
              "actions": [
                {
                  "type": "S3-copy",
                  "logicalBucketName": "AssetsBucket",
                  "prefix": "spark-components/",
                  "metadata": {
                    "system": {
                      "cacheControl": "max-age=0, no-cache"
                    }
                  }
                }
              ]
            },
            "fedramp-use2-core": {
              "stackName": "web-ui-hosting",
              "actions": [
                {
                  "type": "S3-copy",
                  "logicalBucketName": "AssetsBucket",
                  "prefix": "spark-components/",
                  "metadata": {
                    "system": {
                      "cacheControl": "max-age=0, no-cache"
                    }
                  }
                }
              ]
            }
          }
        }
      }
    }
  }
}