{
  "buildNumber": "156",
  "buildUrl": "https://jenkins.ininica.com/job/cui-web-component-feature-multi/job/main/156/",
  "jobName": "cui-web-component-feature-multi/main",
  "jobUrl": "https://jenkins.ininica.com/job/cui-web-component-feature-multi/job/main/",
  "nodeLabels": "dev-i-015ec9006b9b80b68-5374-81a3d48c dev_mesos_v2 pc-dev_mesos_v2 swarm",
  "nodeName": "dev-i-015ec9006b9b80b68-5374-81a3d48c",
  "runChangesDisplayUrl": "https://jenkins.ininica.com/job/cui-web-component-feature-multi/job/main/156/display/redirect?page=changes",
  "runDisplayUrl": "https://jenkins.ininica.com/job/cui-web-component-feature-multi/job/main/156/display/redirect",
  "workspace": "/var/build/workspace/970171aa-717a-4ea8-a77c-d665139bfa0b"
}